SKU,Titulo,Fabricante,Categoria,Disponibilidade,Preco,Preço Oferta,URL
20026827,Cápsulas de Café Illy Descafeinado 18 Unidades,Illy,Café,Disponivel,71.29,71.29,https://marche.com.br/collections/mercearia/products/capsulas-de-cafe-illy-descafeinado-18-unidades?store_id=66677604431
20060012,Café L'or Torrado e Moído Equilibrado Torras Gourmet Sachê 250g,Lor,Café,Disponivel,30.49,30.49,https://marche.com.br/collections/mercearia/products/cafe-lor-eliquilibrado-torrado-moido-250g?store_id=66677604431
20055865,Cápsula de Café ORFEU Intenso Dolce Gusto 90g,Orfeu,Café,Disponivel,32.49,32.49,https://marche.com.br/collections/mercearia/products/capsula-de-cafe-orfeu-intenso-dolce-gusto-90g?store_id=66677604431
20031287,Café em Cápsula L'or Torrado e Moído Lungo Espresso 52g 10 Unidades,Lor,Café,Disponivel,30.99,30.99,https://marche.com.br/collections/mercearia/products/capsulas-cafe-lor-estremo-10-unidades?store_id=66677604431
20063958,Cápsulas de Café Baobá Especial Intenso 10 Unidades,Baobá,Café,Disponivel,35.69,35.69,https://marche.com.br/collections/mercearia/products/capsulas-de-cafe-baoba-especial-intenso-10-unidades?store_id=66677604431
20078211,Cápsulas de Café Orfeu Nespresso Catucaí 10 Unidades,St. Marche,Café,Disponivel,29.99,29.99,https://marche.com.br/collections/mercearia/products/capsulas-de-cafe-orfeu-nespresso-catucai-10-unidades?store_id=66677604431
20063957,Cápsulas de Café Baobá Especial Clássico 10 Unidades,Baobá,Café,Disponivel,35.69,35.69,https://marche.com.br/collections/mercearia/products/capsulas-de-cafe-baoba-especial-classico-10-unidades?store_id=66677604431
20075803,Café 3 Corações Torrado e Moído Rituais Frutas Vermelhas 250g,3 Corações,Café,Disponivel,40.99,40.99,https://marche.com.br/collections/mercearia/products/cafe-3-coracoes-torrado-e-moido-rituais-frutas-vermelhas-250g?store_id=66677604431
20078208,Cápsulas de Café Orfeu Nespresso Forte 20 Unidades,St. Marche,Café,Disponivel,53.9,53.9,https://marche.com.br/collections/mercearia/products/capsulas-de-cafe-orfeu-nespresso-forte-20-unidades?store_id=66677604431
20078165,Cápsulas de Café Nescafé Classic Creamer Com 10 Unidades,St. Marche,Café,Disponivel,29.59,29.59,https://marche.com.br/collections/mercearia/products/capsulas-de-cafe-nescafe-classic-creamer-com-10-unidades?store_id=66677604431
20073925,Café Tenor Bravo Café Torrado em Grãos 500g,Bravo Café,Café,Disponivel,47.9,47.9,https://marche.com.br/collections/mercearia/products/cafe-tenor-bravo-cafe-torrado-em-graos-500g?store_id=66677604431
20031444,Café em Cápsula Pilão Torrado e Moído Lungo Intenso 52g 10 Unidades,Pilão,Café,Disponivel,24.99,24.99,https://marche.com.br/collections/mercearia/products/cafe-espresso-pilao-capsulas-de-aluminio-lungo-08-com-10-unidades?store_id=66677604431
20062439,Café em Cápsula L'or Espresso Baunilha Caixa 52g 10 Unidades,Lor,Café,Disponivel,30.99,30.99,https://marche.com.br/collections/mercearia/products/capsula-de-cafe-lor-espresso-vanilla-com-10-unidades?store_id=66677604431
20078066,Café Solúvel L'or Último 84g,St. Marche,Café,Disponivel,30.99,30.99,https://marche.com.br/collections/mercearia/products/cafe-soluvel-lor-ultimo-84g?store_id=66677604431
20063558,Café 3 Corações Portinari Florais 250g,3 Corações,Café,Disponivel,36.98,36.98,https://marche.com.br/collections/mercearia/products/cafe-3-coracoes-portinari-florais-250g?store_id=66677604431
20073896,"Cappuccino Lor Baunilha Sachê 20,3g",Lor,Café,Disponivel,2.99,2.99,https://marche.com.br/collections/mercearia/products/cappuccino-lor-baunilha-8-unidades-162-4g?store_id=66677604431
20078064,Café Solúvel L'or Último Sachê 84g,St. Marche,Café,Disponivel,13.9,13.9,https://marche.com.br/collections/mercearia/products/cafe-soluvel-lor-ultimo-sache-84g?store_id=66677604431
20064856,Cápsula Café Baggio Dolce Gusto Chocolate Avelã 85g,Baggio,Café,Disponivel,25.89,25.89,https://marche.com.br/collections/mercearia/products/capsula-cafe-baggio-dolce-gusto-chocolate-avela-85g?store_id=66677604431
20078060,Cápsulas de Café L'or Arábica Avelã 10 Unidades,St. Marche,Café,Disponivel,30.99,30.99,https://marche.com.br/collections/mercearia/products/capsulas-de-cafe-lor-arabica-avela-10-unidades?store_id=66677604431
20044349,Café Torrado e Moído Abre Fecha Forte e Encorpado 252º Graus PILÃO 500g,Pilão,Café,Disponivel,36.99,36.99,https://marche.com.br/collections/mercearia/products/cafe-torrado-e-moido-abre-fecha-forte-e-encorpado-252%C2%BA-graus-pilao-500g?store_id=66677604431
20031442,Café em Cápsulas Pilão Torrado e moído Tradicional 52g 10 Unidades,Pilão,Café,Disponivel,24.99,24.99,https://marche.com.br/collections/mercearia/products/capsulas-de-aluminio-espresso-7-pilao-52g?store_id=66677604431
20065847,Café Casa Brasil Gourmet Moído 250g,Casa Brasil,Café,Disponivel,33.99,33.99,https://marche.com.br/collections/mercearia/products/cafe-casa-brasil-gourmet-moido-250g?store_id=66677604431
20023766,Cápsulas de Café ORFEU Orgânico com 10 Unidades 50g,Orfeu,Café,Disponivel,36.99,36.99,https://marche.com.br/collections/mercearia/products/capsulas-de-cafe-orfeu-organico-com-10-unidades-50g?store_id=66677604431
20064855,Cápsula Café Baggio Dolce Gusto Chocolate Trufado 85g,Baggio,Café,Disponivel,25.89,25.89,https://marche.com.br/collections/mercearia/products/capsula-cafe-baggio-dolce-gusto-chocolate-trufado-85g?store_id=66677604431
20063953,Café Baobá Especial Intenso Grãos 250g,Baobá,Café,Disponivel,50.39,50.39,https://marche.com.br/collections/mercearia/products/cafe-baoba-especial-intenso-graos-250g?store_id=66677604431
20044197,Cápsula Café BRAVO Maestro Com 10 Unidades 50g,Bravo Café,Café,Disponivel,21.9,21.9,https://marche.com.br/collections/mercearia/products/capsula-cafe-bravo-maestro-com-10-unidades-50g?store_id=66677604431
20071843,Cápsulas de Café Lor Espresso de Chocolate com 10 Unidades 52g,Lor,Café,Disponivel,30.99,30.99,https://marche.com.br/collections/mercearia/products/capsulas-de-cafe-lor-espresso-de-chocolate-com-10-unidades-52g?store_id=66677604431
20075804,Café 3 Corações Torrado e Moído Rituais Chocolate 250g,3 Corações,Café,Disponivel,40.99,40.99,https://marche.com.br/collections/mercearia/products/cafe-3-coracoes-torrado-e-moido-rituais-chocolate-250g?store_id=66677604431
20008169,Café Solúvel NESCAFÉ Tradição Forte 100g,Nescafé,Café,Disponivel,33.99,33.99,https://marche.com.br/collections/mercearia/products/cafe-soluvel-nescafe-tradicao-forte-100g?store_id=66677604431
20041375,Café em Cápsula Torrado e Moído STARBUCKS Caffè Verona Caixa 55g 10 Unidades,Starbucks,Café,Disponivel,32.99,32.99,https://marche.com.br/collections/mercearia/products/cafe-em-capsula-torrado-e-moido-starbucks-caffe-verona-caixa-55g-10-unidades?store_id=66677604431
20069746,Café Torrado e Moído 3 Corações Forza Intensidade Máxima Premium 250g,3 Corações,Café,Disponivel,33.98,33.98,https://marche.com.br/collections/mercearia/products/cafe-torrado-e-moido-3-coracoes-forza-intensidade-maxima-premium-250g?store_id=66677604431
20065846,Café Casa Brasil Tradicional 500g,Casa Brasil,Café,Disponivel,39.9,39.9,https://marche.com.br/collections/mercearia/products/cafe-casa-brasil-tradicional-500g?store_id=66677604431
20031143,Café Torrado e Moído Drip Coffe FAZENDA PESSEGUEIRO 100g,Café Fazenda Pessegueiro,Café,Disponivel,44.39,44.39,https://marche.com.br/collections/mercearia/products/cafe-torrado-e-moido-drip-coffe-fazenda-pessegueiro-100g?store_id=66677604431
20025202,Cápsulas de Café Tenor BRAVO Com 10 Unidades,Bravo Café,Café,Disponivel,21.9,21.9,https://marche.com.br/collections/mercearia/products/capsulas-de-cafe-tenor-bravo-com-10-unidades?store_id=66677604431
20059134,Café BRAVO Tenor Torrado Moído 250g,Bravo Café,Café,Disponivel,28.49,28.49,https://marche.com.br/collections/mercearia/products/cafe-bravo-tenor-torrado-moido-250g?store_id=66677604431
20081001,Café Bravo Coletanea Arábica 250g,St. Marche,Café,Disponivel,26.9,26.9,https://marche.com.br/collections/mercearia/products/cafe-bravo-coletanea-arabica-250g?store_id=66677604431
20014348,Cápsulas Café L'OR Ristretto Decaffeinato 10 Unidades,Lor,Café,Disponivel,30.99,30.99,https://marche.com.br/collections/mercearia/products/capsulas-cafe-lor-ristretto-decaffeinato-10-unidades?store_id=66677604431
20065848,Café Casa Brasil Gourmet em Grãos 500g,Casa Brasil,Café,Disponivel,69.8,69.8,https://marche.com.br/collections/mercearia/products/cafe-casa-brasil-gourmet-em-graos-500g?store_id=66677604431
20029941,Café Gourmet 3 CORAÇÕES em Pó Torrado e Moído Vácuo 250g,3 Corações,Café,Disponivel,33.79,33.79,https://marche.com.br/collections/mercearia/products/cafe-gourmet-3-coracoes-em-po-torrado-e-moido-vacuo-250g?store_id=66677604431
20064639,Cápsula Dolce Gusto Espresso Com 10 Unidades 60g,Dolce Gusto,Café,Disponivel,25.99,25.99,https://marche.com.br/collections/mercearia/products/capsula-dolce-gusto-espresso-com-10-unidades-60g?store_id=66677604431
20077879,Cápsulas de Café União Clássico 10 Unidades,St. Marche,Café,Disponivel,28.49,28.49,https://marche.com.br/collections/mercearia/products/capsulas-de-cafe-uniao-classico-10-unidades?store_id=66677604431
20049890,Café L'OR Torrado e Moído Cerrado Mineiro Pouch 250g,Lor,Café,Disponivel,43.99,43.99,https://marche.com.br/collections/mercearia/products/cafe-lor-torrado-e-moido-cerrado-mineiro-pouch-250g?store_id=66677604431
20030342,Café Tradicional PILÃO 250g,Pilão,Café,Disponivel,23.9,23.9,https://marche.com.br/collections/mercearia/products/cafe-tradicional-pilao-250g?store_id=66677604431
20044347,Café Torrado e Moído 252º Graus Vácuo PILÃO 500g,Pilão,Café,Disponivel,36.99,36.99,https://marche.com.br/collections/mercearia/products/cafe-torrado-e-moido-252%C2%BA-graus-vacuo-pilao-500g?store_id=66677604431
20077878,Cápsulas de Café União Amaro 10 Unidades,St. Marche,Café,Disponivel,28.49,28.49,https://marche.com.br/collections/mercearia/products/capsulas-de-cafe-uniao-amaro-10-unidades?store_id=66677604431
20077202,Café Lor Último Torrado e Moído 250g,Lor,Café,Disponivel,33.9,33.9,https://marche.com.br/collections/mercearia/products/cafe-lor-ultimo-torrado-e-moido-250g?store_id=66677604431
20064642,Cápsula Dolce Gusto Mocha Canela Com 10 Unidades 172g,Dolce Gusto,Café,Disponivel,25.99,25.99,https://marche.com.br/collections/mercearia/products/capsula-dolce-gusto-mocha-canela-com-10-unidades-172g?store_id=66677604431
20061037,Café BRAVO Premium Torrado e Moído 500g,Bravo Café,Café,Disponivel,31.9,31.9,https://marche.com.br/collections/mercearia/products/cafe-bravo-premium-torrado-e-moido-500g?store_id=66677604431
20031445,Café em Cápsulas Pilão Torrado e moído Fortíssimo 52g 10 Unidades,Pilão,Café,Disponivel,24.99,24.99,https://marche.com.br/collections/mercearia/products/capsulas-de-aluminio-espresso-10-pilao-52g?store_id=66677604431
20063959,Cápsulas de Café Baobá Especial Premium 10 Unidades,Baobá,Café,Disponivel,35.69,35.69,https://marche.com.br/collections/mercearia/products/capsulas-de-cafe-baoba-especial-premium-10-unidades?store_id=66677604431
20073962,Café Illy em Pó Moído Clássico Moka 250g,St. Marche,Café,Disponivel,59.9,59.9,https://marche.com.br/collections/mercearia/products/cafe-illy-em-po-moido-classico-moka-250g?store_id=66677604431
20073953,Café Illy Grão Arábica Nicaragua 250g,St. Marche,Café,Disponivel,51.9,51.9,https://marche.com.br/collections/mercearia/products/cafe-illy-grao-arabica-nicaragua-250g?store_id=66677604431
20081842,Café Latitude 13 Castas Torrado em Grãos 500g,St. Marche,Café,Disponivel,86.9,86.9,https://marche.com.br/collections/mercearia/products/cafe-latitude-13-castas-torrado-em-graos-500g?store_id=66677604431
20026109,Café Intenso a Vácuo PILÃO 500g,Pilão,Café,Disponivel,36.99,36.99,https://marche.com.br/collections/mercearia/products/cafe-intenso-a-vacuo-pilao-500g?store_id=66677604431
20073303,Capsulas de Cappuccino Vegetal 3 Corações 11g,3 Corações,Café,Disponivel,26.9,26.9,https://marche.com.br/collections/mercearia/products/capsulas-de-cappuccino-vegetal-3-coracoes-11g?store_id=66677604431
20069175,Café Solúvel Juan Valdez Descafeinado 95g,St. Marche,Café,Disponivel,84.9,84.9,https://marche.com.br/collections/mercearia/products/cafe-soluvel-juan-valdez-descafeinado-95g?store_id=66677604431
20029836,Café Gourmet em Grãos CAFÉ FAZENDA PESSEGUEIRO 500g,Café Fazenda Pessegueiro,Café,Disponivel,66.09,66.09,https://marche.com.br/collections/mercearia/products/cafe-gourmet-em-graos-cafe-fazenda-pessegueiro-500g?store_id=66677604431
20062827,Café PILÃO Grãos Cafeteria 500g,St. Marche,Café,Disponivel,74.59,74.59,https://marche.com.br/collections/mercearia/products/cafe-pilao-graos-cafeteria-500g?store_id=66677604431
20063952,Café Baobá Especial Clássico Moído 250g,Baobá,Café,Disponivel,50.29,50.29,https://marche.com.br/collections/mercearia/products/cafe-baoba-especial-classico-moido-250g?store_id=66677604431
20060721,Café BRAVO Maestro Torrado Moído 250g,Bravo Café,Café,Disponivel,28.49,28.49,https://marche.com.br/collections/mercearia/products/cafe-bravo-maestro-torrado-moido-250g?store_id=66677604431
20065849,Cápsulas Café Casa Brasil Gourmet Intenso 7 50g,Casa Brasil,Café,Disponivel,38.99,38.99,https://marche.com.br/collections/mercearia/products/capsulas-cafe-casa-brasil-gourmet-intenso-7-50g?store_id=66677604431
20025203,Cápsulas de Café Barítono Intenso BRAVO Com 10 Unidades,Bravo Café,Café,Disponivel,21.9,21.9,https://marche.com.br/collections/mercearia/products/capsulas-de-cafe-baritono-intenso-bravo-com-10-unidades?store_id=66677604431
20025204,Cápsulas de Café Soprano BRAVO Com 10 Cápsulas,Bravo Café,Café,Disponivel,21.9,21.9,https://marche.com.br/collections/mercearia/products/capsulas-de-cafe-soprano-bravo-com-10-capsulas?store_id=66677604431
20049891,Café L'OR Torrado e Moído Mogiana Pouch 250g,Lor,Café,Disponivel,43.99,43.99,https://marche.com.br/collections/mercearia/products/cafe-lor-torrado-e-moido-mogiana-pouch-250g?store_id=66677604431
20064858,Cápsula Café Baggio Dolce Gusto Caramel 85g,Baggio,Café,Disponivel,25.89,25.89,https://marche.com.br/collections/mercearia/products/capsula-cafe-baggio-dolce-gusto-caramel-85g?store_id=66677604431
20078161,Cápsulas de Café Nescafé Gold Lungo Com 10 Unidades,St. Marche,Café,Disponivel,31.99,31.99,https://marche.com.br/collections/mercearia/products/capsulas-de-cafe-nescafe-gold-lungo-com-10-unidades?store_id=66677604431
20058795,Cápsula de Café 3 CORAÇÕES Nespresso Mogiana Paulista 50g,3 Corações,Café,Disponivel,24.99,24.99,https://marche.com.br/collections/mercearia/products/capsula-de-cafe-3-coracoes-nespresso-mogiana-paulista-50g?store_id=66677604431
20041330,Café Torrado e Moído Verona STARBUCKS 250g,Starbucks,Café,Disponivel,48.99,48.99,https://marche.com.br/collections/mercearia/products/cafe-torrado-e-moido-verona-starbucks-250g?store_id=66677604431
20070400,Cápsulas de Café Orfeu Japy Compatíveis Nespresso com 10 Unidades 50g,Orfeu,Café,Disponivel,32.49,32.49,https://marche.com.br/collections/mercearia/products/capsulas-de-cafe-orfeu-japy-compativeis-nespresso-com-10-unidades-50g?store_id=66677604431
20047908,Cápsulas Café L'OR Guatemala 10 Unidades,Lor,Café,Disponivel,30.99,30.99,https://marche.com.br/collections/mercearia/products/capsulas-cafe-lor-guatemala-10-unidades?store_id=66677604431
20065850,Cápsulas Café Casa Brasil Intenso 9 50g,Casa Brasil,Café,Disponivel,38.99,38.99,https://marche.com.br/collections/mercearia/products/capsulas-cafe-casa-brasil-intenso-9-50g?store_id=66677604431
20026064,Café a Vácuo Torrado e Moído Tradicional CAFÉ DO PONTO 500g,Café Do Ponto,Café,Disponivel,47.99,47.99,https://marche.com.br/collections/mercearia/products/cafe-a-vacuo-torrado-e-moido-tradicional-cafe-do-ponto-500g?store_id=66677604431
20025173,"Cápsulas de Café Espresso Pleno, TRES, 3 CORAÇÕES 10 Cápsulas",3 Corações,Café,Disponivel,17.93,17.93,https://marche.com.br/collections/mercearia/products/capsulas-de-cafe-espresso-pleno-tres-3-coracoes-10-capsulas?store_id=66677604431
20073464,"Cápsulas de Café Juan Valdez Paisaje 44,8g",Juan Valdez,Café,Disponivel,43.5,43.5,https://marche.com.br/collections/mercearia/products/capsulas-de-cafe-juan-valdez-paisaje-44-8g?store_id=66677604431
20069178,Café Solúvel Juan Valdez Vanicanela 95g,St. Marche,Café,Disponivel,84.9,84.9,https://marche.com.br/collections/mercearia/products/cafe-soluvel-juan-valdez-vanicanela-95g?store_id=66677604431
20073465,"Cápsula de Café Juan Valdez Mujeres 44,8g",Juan Valdez,Café,Disponivel,43.5,43.5,https://marche.com.br/collections/mercearia/products/capsula-de-cafe-juan-valdez-mujeres-44-8g?store_id=66677604431
20073952,Café Illy Grão Arábica Índia 250g,St. Marche,Café,Disponivel,51.9,51.9,https://marche.com.br/collections/mercearia/products/cafe-illy-grao-arabica-india-250g?store_id=66677604431
20069179,Café Solúvel Juan Valdez Avelã 95g,St. Marche,Café,Disponivel,84.9,84.9,https://marche.com.br/collections/mercearia/products/cafe-soluvel-juan-valdez-avela-95g?store_id=66677604431
20072098,Café Solúvel Nescafé Com Leite 300g,Nescafé,Café,Disponivel,28.49,28.49,https://marche.com.br/collections/mercearia/products/cafe-soluvel-nescafe-com-leite-300g?store_id=66677604431
20078213,Café Orfeu Torrado e Moído Catucaí 250g,St. Marche,Café,Disponivel,43.9,43.9,https://marche.com.br/collections/mercearia/products/cafe-orfeu-torrado-e-moido-catucai-250g?store_id=66677604431
20025175,Cápsula de Café Filtrado Gourmet 3 CORAÇÕES 10 Cápsulas,3 Corações,Café,Disponivel,26.9,26.9,https://marche.com.br/collections/mercearia/products/capsula-de-cafe-filtrado-gourmet-3-coracoes-10-capsulas?store_id=66677604431
20045593,Cápsulas Café L'OR ÌNDIA 10 Unidades,Lor,Café,Disponivel,30.99,30.99,https://marche.com.br/collections/mercearia/products/capsulas-cafe-lor-india-10-unidades?store_id=66677604431
20081820,Cápsulas Café Pilão 100% Arábica Brasil 52g,St. Marche,Café,Disponivel,24.99,24.99,https://marche.com.br/collections/mercearia/products/caps-cafe-pilao-100-arab-brasil-52g?store_id=66677604431
20031290,Cápsulas Café L'OR Ristretto 10 Unidades,Lor,Café,Disponivel,30.99,30.99,https://marche.com.br/collections/mercearia/products/capsulas-cafe-lor-ristretto-10-unidades?store_id=66677604431
20063954,Café Baobá Especial Intenso Moído 250g,Baobá,Café,Disponivel,50.29,50.29,https://marche.com.br/collections/mercearia/products/cafe-baoba-especial-intenso-moido-250g?store_id=66677604431
20080914,"Cappuccino Lor Chocolate e Pistache 19,5g",St. Marche,Café,Disponivel,2.99,2.99,https://marche.com.br/collections/mercearia/products/cappuccino-lor-chocolate-e-pistache-19-5g?store_id=66677604431
20062378,Cappucino Nescafé Dois Frades 180g,St. Marche,Café,Disponivel,24.49,24.49,https://marche.com.br/collections/mercearia/products/cappucino-nescafe-dois-frades-180g?store_id=66677604431
20031047,Café Expresso Gourmet Torrado em Grão 3 CORAÇÕES 1 kg,3 Corações,Café,Disponivel,163.49,163.49,https://marche.com.br/collections/mercearia/products/cafe-expresso-gourmet-torrado-em-grao-3-coracoes-1-kg?store_id=66677604431
20053847,Cápsulas de Café BAGGIO Amêndoas Torradas Com 10 Cápsulas,Baggio,Café,Disponivel,29.49,29.49,https://marche.com.br/collections/mercearia/products/capsulas-de-cafe-baggio-amendoas-torradas-com-10-capsulas?store_id=66677604431
20069177,Café Solúvel Juan Valdez Chocolate 95g,St. Marche,Café,Disponivel,84.9,84.9,https://marche.com.br/collections/mercearia/products/cafe-soluvel-juan-valdez-chocolate-95g?store_id=66677604431
20031049,Cápsula de Café Espresso Ameno 3 CORAÇÕES 10 Cápsulas,3 Corações,Café,Disponivel,17.93,17.93,https://marche.com.br/collections/mercearia/products/capsula-de-cafe-espresso-ameno-3-coracoes-10-capsulas?store_id=66677604431
20070140,Café Torrado e Moído Tradicional União 500g,União,Café,Disponivel,36.9,36.9,https://marche.com.br/collections/mercearia/products/cafe-torrado-e-moido-tradicional-uniao-500g?store_id=66677604431
20049893,Café Torrado e Moído a Vácuo Espresso PILÃO Cafeteria Pacote 500g,Pilão,Café,Disponivel,43.9,43.9,https://marche.com.br/collections/mercearia/products/cafe-torrado-e-moido-a-vacuo-espresso-pilao-cafeteria-pacote-500g?store_id=66677604431
20077880,Cápsulas de Café União Velluto 10 Unidades,St. Marche,Café,Disponivel,28.49,28.49,https://marche.com.br/collections/mercearia/products/capsulas-de-cafe-uniao-velluto-10-unidades?store_id=66677604431
20060014,Café LOR Intenso Torrado Moído 250g,Lor,Café,Disponivel,30.49,30.49,https://marche.com.br/collections/mercearia/products/cafe-lor-intenso-torrado-moido-250g?store_id=66677604431
20076311,Cápsulas de Café Villa Piva Especial Com 10 Unidades,Villa Piva,Café,Disponivel,40.19,40.19,https://marche.com.br/collections/mercearia/products/capsulas-de-cafe-villa-piva-especial-com-10-unidades?store_id=66677604431
20069975,Café Solúvel em Pó Nescafé Espresso Intenso Gold Sachê 40g,Nescafé,Café,Disponivel,14.49,14.49,https://marche.com.br/collections/mercearia/products/cafe-soluvel-em-po-nescafe-espresso-intenso-gold-sache-40g?store_id=66677604431
20070401,Cápsulas Orfeu Nespresso Arara com 10 Unidades 50g,Orfeu,Café,Disponivel,32.49,32.49,https://marche.com.br/collections/mercearia/products/capsulas-orfeu-nespresso-arara-com-10-unidades-50g?store_id=66677604431
20061021,Café UNIÃO Tradicional Almofada 500g,União,Café,Disponivel,36.99,36.99,https://marche.com.br/collections/mercearia/products/cafe-uniao-tradicional-almofada-500g?store_id=66677604431
20014164,"Cápsula de Café Espresso Rituais Florada Microlotes, TRES, 3 CORAÇÕES 10 Unidades",Tres,Café,Disponivel,26.9,26.9,https://marche.com.br/collections/mercearia/products/capsula-de-cafe-espresso-rituais-florada-microlotes-tres-3-coracoes-10-unidades?store_id=66677604431
20045343,Cápsula de Cappuccino Com Avelã 3 CORAÇÕES 10 Cápsulas,3 Corações,Café,Disponivel,26.9,26.9,https://marche.com.br/collections/mercearia/products/capsula-de-cappuccino-com-avela-3-coracoes-10-capsulas?store_id=66677604431
20030937,Cápsulas de Cappuccino Classic 3 CORAÇÕES 10 Cápsulas,3 Corações,Café,Disponivel,17.93,17.93,https://marche.com.br/collections/mercearia/products/capsulas-de-cappuccino-classic-3-coracoes-10-capsulas?store_id=66677604431
20075805,Café 3 Corações Grãos Rituais Frutas Secas 250g,3 Corações,Café,Disponivel,47.89,47.89,https://marche.com.br/collections/mercearia/products/cafe-3-coracoes-graos-rituais-frutas-secas-250g?store_id=66677604431
20049892,Café L'OR Torrado e Moído Sul de Minas Pouch 250g,Lor,Café,Disponivel,43.99,43.99,https://marche.com.br/collections/mercearia/products/cafe-lor-torrado-e-moido-sul-de-minas-pouch-250g?store_id=66677604431
20055867,Cápsula de Café ORFEU Orgânico Dolce Gusto 90g,St. Marche,Café,Disponivel,32.49,32.49,https://marche.com.br/collections/mercearia/products/capsula-de-cafe-orfeu-organico-dolce-gusto-90g?store_id=66677604431
20082791,Café Nescafé Solúvel Gold Intenso 100g,St. Marche,Café,Disponivel,36.9,36.9,https://marche.com.br/collections/mercearia/products/cafe-nescafe-gold-intenso-100g?store_id=66677604431
20073302,Capsulas de Café com Leite Vegetal 3 Corações 11g,3 Corações,Café,Disponivel,26.9,26.9,https://marche.com.br/collections/mercearia/products/capsulas-de-cafe-com-leite-vegetal-3-coracoes-11g?store_id=66677604431
20077882,Cápsulas de Café União Ristretto 10 Unidades,St. Marche,Café,Disponivel,28.49,28.49,https://marche.com.br/collections/mercearia/products/capsulas-de-cafe-uniao-ristretto-10-unidades?store_id=66677604431
20008045,"Cápsula de Café Espresso Chapada Diamantina Safra Especial, TRES, 3 Corações 10 unidades",3 Corações,Café,Disponivel,17.93,17.93,https://marche.com.br/collections/mercearia/products/capsula-de-cafe-espresso-chapada-diamantina-safra-especial-tres-3-coracoes-10-unidades?store_id=66677604431
20073300,Capsulas de Café Star Wars Darth Vader 3 Corações 8g,3 Corações,Café,Disponivel,26.9,26.9,https://marche.com.br/collections/mercearia/products/capsulas-de-cafe-star-wars-darth-vader-3-coracoes-8g?store_id=66677604431
20062826,Café Solúvel L'or Liofilizado Montanhas Capixabas 84g,Lor,Café,Disponivel,37.99,37.99,https://marche.com.br/collections/mercearia/products/cafe-soluvel-lor-montanhas-capixabas-84g?store_id=66677604431
20073298,Café Expresso 3 Corações Grãos Gourmet 500g,3 Corações,Café,Disponivel,82.29,82.29,https://marche.com.br/collections/mercearia/products/cafe-expresso-3-coracoes-graos-gourmet-500g?store_id=66677604431
20062825,Café Solúvel L'or Liofilizado Sul da Bahia 84g,Lor,Café,Disponivel,37.99,37.99,https://marche.com.br/collections/mercearia/products/cafe-soluvel-lor-sul-da-bahia-84g?store_id=66677604431
20002932,Cappuccino de Chocolate 3 CORAÇÕES 200g,3 Corações,Café,Disponivel,23.98,23.98,https://marche.com.br/collections/mercearia/products/cappuccino-de-chocolate-3-coracoes-200g?store_id=66677604431
20083742,Capsulas Café Starbucks Espresso 55g,St. Marche,Café,Disponivel,27.9,27.9,https://marche.com.br/collections/mercearia/products/caps-cafe-starbucks-espresso-55g?store_id=66677604431
20078166,Cápsulas Nescafé Alpino e Galak Com 16 Unidades,St. Marche,Café,Disponivel,31.99,31.99,https://marche.com.br/collections/mercearia/products/capsulas-nescafe-alpino-e-galak-com-16-unidades?store_id=66677604431
20081838,Café Latitude 13 Clássico Torrado e Moído 250g,St. Marche,Café,Disponivel,40.59,40.59,https://marche.com.br/collections/mercearia/products/cafe-latitude-13-classico-torrado-e-moido-250g?store_id=66677604431
20064857,Cápsula Café Baggio Dolce Gusto Clássico 85g,Baggio,Café,Disponivel,25.89,25.89,https://marche.com.br/collections/mercearia/products/capsula-cafe-baggio-dolce-gusto-classico-85g?store_id=66677604431
20073306,Café Latte Vegetal 3 Corações 220g,3 Corações,Café,Disponivel,27.99,27.99,https://marche.com.br/collections/mercearia/products/cafe-latte-vegetal-3-coracoes-220g?store_id=66677604431
20018605,Cápsula de Café Illy Clássico Com 18 Unidades,Illy,Café,Disponivel,69.9,69.9,https://marche.com.br/collections/mercearia/products/capsula-de-cafe-illy-classico-com-18-unidades?store_id=66677604431
20083640,Café Cafellow Sachê Sensual 10 Unidades,St. Marche,Café,Disponivel,49.9,49.9,https://marche.com.br/collections/mercearia/products/cafe-cafellow-sache-sensual-10un?store_id=66677604431
20058796,Cápsula de Café 3 CORAÇÕES Nespresso Orgânico 50g,3 Corações,Café,Disponivel,24.99,24.99,https://marche.com.br/collections/mercearia/products/capsula-de-cafe-3-coracoes-nespresso-organico-50g?store_id=66677604431
20075968,Café em Grãos Juan Valdez Volcan 250g,Juan Valdez,Café,Disponivel,49.9,49.9,https://marche.com.br/collections/mercearia/products/cafe-em-graos-juan-valdez-volcan-250g?store_id=66677604431
20008951,Cápsula de Café Intenso BAGGIO Com 10 Cápsulas,Baggio,Café,Disponivel,29.49,29.49,https://marche.com.br/collections/mercearia/products/capsula-de-cafe-intenso-baggio-com-10-capsulas?store_id=66677604431
20078478,Cápsulas de Café Nescafé Brazil 18 Unidades,St. Marche,Café,Disponivel,43.19,43.19,https://marche.com.br/collections/mercearia/products/capsulas-de-cafe-nescafe-brazil-18-unidades?store_id=66677604431
20049882,Café Torrado e Moído Coado a Vácuo PILÃO Cafeteria Pacote 500g,Pilão,Café,Disponivel,43.9,43.9,https://marche.com.br/collections/mercearia/products/cafe-torrado-e-moido-coado-a-vacuo-pilao-cafeteria-pacote-500g?store_id=66677604431
20081819,Cápsulas Café Pilão 100% Arábica Colômbia 52g,St. Marche,Café,Disponivel,24.99,24.99,https://marche.com.br/collections/mercearia/products/caps-cafe-pilao-100-arab-colombia-52g?store_id=66677604431
20073920,Café Orfeu Torrado e Moído Acauã 250g,Orfeu,Café,Disponivel,48.99,48.99,https://marche.com.br/collections/mercearia/products/cafe-orfeu-torrado-e-moido-acaua-250g?store_id=66677604431
20078095,Cápsulas de Café Dolce Gusto Nescafé Alpino 10 Unidades,St. Marche,Café,Disponivel,31.99,31.99,https://marche.com.br/collections/mercearia/products/capsulas-de-cafe-dolce-gusto-nescafe-alpino-10-unidades?store_id=66677604431
20077313,Cápsula de Cafe Illy Classic Descafeinado 10 Unidades,Illy,Café,Disponivel,30.99,30.99,https://marche.com.br/collections/mercearia/products/capsula-de-cafe-illy-classic-descafeinado-10-unidades?store_id=66677604431
20062823,Café Solúvel PILÃO Cafeteria 40g,Pilão,Café,Disponivel,12.98,12.98,https://marche.com.br/collections/mercearia/products/cafe-soluvel-pilao-cafeteria-40g?store_id=66677604431
20025171,Café 3 CORAÇÕES Cápsulas Espresso Vibrante Com 10 Cápsulas,3 Corações,Café,Disponivel,26.9,26.9,https://marche.com.br/collections/mercearia/products/cafe-3-coracoes-capsulas-espresso-vibrante-com-10-capsulas?store_id=66677604431
20041381,Café Solúvel Nescafé Gold 100g,St. Marche,Café,Disponivel,31.69,31.69,https://marche.com.br/collections/mercearia/products/cafe-soluvel-nescafe-gold-100g?store_id=66677604431
20083743,Café Soluvel Nescafé Ice 40g,St. Marche,Café,Disponivel,9.99,9.99,https://marche.com.br/collections/mercearia/products/cafe-soluvel-nescafe-ice-40g?store_id=66677604431
20075801,Café 3 Corações Torrado e Moído Rituais Exótico 250g,3 Corações,Café,Disponivel,40.99,40.99,https://marche.com.br/collections/mercearia/products/cafe-3-coracoes-torrado-e-moido-rituais-exotico-250g?store_id=66677604431
20026921,Café Extra Forte Vácuo 3 CORAÇÕES 500g,3 Corações,Café,Disponivel,41.5,41.5,https://marche.com.br/collections/mercearia/products/cafe-extra-forte-vacuo-3-coracoes-500g?store_id=66677604431
20030344,Café Pilão Torrado E Moído Extra Forte Abre e Fecha 500g,Pilão,Café,Disponivel,36.99,36.99,https://marche.com.br/collections/mercearia/products/cafe-pilao-torrado-e-moido-extra-forte-abre-e-fecha-500g?store_id=66677604431
20055864,Cápsula de Café ORFEU Clássico Dolce Gusto 90g,Orfeu,Café,Disponivel,32.49,32.49,https://marche.com.br/collections/mercearia/products/capsula-de-cafe-orfeu-classico-dolce-gusto-90g?store_id=66677604431
20078475,Cápsulas de Café Dolce Gusto Cappuccino 10 Unidades 135g,St. Marche,Café,Disponivel,31.99,31.99,https://marche.com.br/collections/mercearia/products/capsulas-de-cafe-dolce-gusto-cappuccino-10-unidades-135g?store_id=66677604431
20073960,Café Illy em Pó Moído Arábica Etiopia 125g,St. Marche,Café,Disponivel,24.9,24.9,https://marche.com.br/collections/mercearia/products/cafe-illy-em-po-moido-arabica-etiopia-125g?store_id=66677604431
20081623,Cápsula de Café Illy Clássico Lungo 10 Unidades,St. Marche,Café,Disponivel,29.9,29.9,https://marche.com.br/collections/mercearia/products/capsula-de-cafe-illy-classico-lungo-10-unidades?store_id=66677604431
20046760,Cápsula De Café ORFEU Borbon Amargo 50g,Orfeu,Café,Disponivel,32.99,32.99,https://marche.com.br/collections/mercearia/products/capsula-de-cafe-orfeu-borbon-amargo-50g?store_id=66677604431
20064173,"Café Cápsula Illy Longo 120,6g",Illy,Café,Disponivel,72.49,72.49,https://marche.com.br/collections/mercearia/products/cafe-capsula-illy-longo-120-6g?store_id=66677604431
20075975,Cápsula de Café 3 Corações Especiais Colômbia Com 10 Unidades,3 Corações,Café,Disponivel,24.99,24.99,https://marche.com.br/collections/mercearia/products/capsula-de-cafe-3-coracoes-especiais-colombia-com-10-unidades?store_id=66677604431
20029936,CAFÉ FAZENDA PESSEGUEIRO Torra Média Cápsulas com 10 Unidades,Café Fazenda Pessegueiro,Café,Disponivel,37.19,37.19,https://marche.com.br/collections/mercearia/products/cafe-fazenda-pessegueiro-torra-media-capsulas-com-10-unidades?store_id=66677604431
20073299,Capsulas de Café Star Wars Mestre Yoda 3 Corações 8g,3 Corações,Café,Disponivel,26.9,26.9,https://marche.com.br/collections/mercearia/products/capsulas-de-cafe-star-wars-mestre-yoda-3-coracoes-8g?store_id=66677604431
20061022,Café UNIÃO Extraforte Almofada 500g,União,Café,Disponivel,36.99,36.99,https://marche.com.br/collections/mercearia/products/cafe-uniao-extraforte-almofada-500g?store_id=66677604431
20062375,Cappucino NESCAFÉ Tradicional 180g,Nescafé,Café,Disponivel,24.49,24.49,https://marche.com.br/collections/mercearia/products/cappucino-nescafe-tradicional-180g?store_id=66677604431
20054952,Café PILÃO Cafeteira Italiano Vácuo 500g,Pilão,Café,Disponivel,43.9,43.9,https://marche.com.br/collections/mercearia/products/cafe-pilao-cafeteira-italiano-vacuo-500g?store_id=66677604431
20073895,"Cappuccino Lor Chocolate Sachê 19,6g",Lor,Café,Disponivel,2.99,2.99,https://marche.com.br/collections/mercearia/products/cappuccino-lor-chocolate-8-unidades-156-8g?store_id=66677604431
20083641,Café Cafellow Torrado Moído 250g,St. Marche,Café,Disponivel,23.9,23.9,https://marche.com.br/collections/mercearia/products/cafe-cafellow-torrado-moido-250g?store_id=66677604431
20078474,Cápsulas de Café Dolce Gusto Espresso 10 Unidades 60g,St. Marche,Café,Disponivel,31.99,31.99,https://marche.com.br/collections/mercearia/products/capsulas-de-cafe-dolce-gusto-espresso-10-unidades-60g?store_id=66677604431
20071621,Cápsula de Café Starbucks Colômbia com 10 Unidades 55g,Starbucks,Café,Disponivel,32.98,32.98,https://marche.com.br/collections/mercearia/products/capsula-de-cafe-starbucks-colombia-com-10-unidades-55g?store_id=66677604431
20070402,Cápsulas Orfeu Nespresso Acauã com 10 Unidades 50g,Orfeu,Café,Disponivel,32.49,32.49,https://marche.com.br/collections/mercearia/products/capsulas-orfeu-nespresso-acaua-com-10-unidades-50g?store_id=66677604431
20062824,Café Solúvel PILÃO Cafeteria Vidro 70g,Pilão,Café,Disponivel,30.98,30.98,https://marche.com.br/collections/mercearia/products/cafe-soluvel-pilao-cafeteria-vidro-70g?store_id=66677604431
20078168,Café Nescafé Chapada Diamantina 250g,St. Marche,Café,Disponivel,37.59,37.59,https://marche.com.br/collections/mercearia/products/cafe-nescafe-chapada-diamantina-250g?store_id=66677604431
20081647,Cápsulas de Café Nescafé Mix com Caneca 40 unidades,St. Marche,Café,Disponivel,107.99,107.99,https://marche.com.br/collections/mercearia/products/capsulas-de-cafe-nescafe-mix-com-caneca-40-unidades?store_id=66677604431
20078480,Cápsulas de Café Nescafé Africas 18 Unidades,St. Marche,Café,Disponivel,43.19,43.19,https://marche.com.br/collections/mercearia/products/capsulas-de-cafe-nescafe-africas-18-unidades?store_id=66677604431
20076315,Cápsulas de Café Villa Piva Polinizado Com 10 Unidades,Villa Piva,Café,Disponivel,43.19,43.19,https://marche.com.br/collections/mercearia/products/capsulas-de-cafe-villa-piva-polinizado-com-10-unidades?store_id=66677604431
20081837,Café Latitude 13 Castas Torrado e Moído 250g,St. Marche,Café,Disponivel,40.99,40.99,https://marche.com.br/collections/mercearia/products/cafe-latitude-13-castas-torrado-e-moido-250g?store_id=66677604431
20075808,Café 3 Corações em Cápsulas Napolitano 8 Unidades,3 Corações,Café,Disponivel,26.9,26.9,https://marche.com.br/collections/mercearia/products/cafe-3-coracoes-em-capsulas-napolitano-8-unidades?store_id=66677604431
20075961,Café 3 Corações Solúvel 1957 100g,3 Corações,Café,Disponivel,38.9,38.9,https://marche.com.br/collections/mercearia/products/cafe-3-coracoes-soluvel-1957-100g?store_id=66677604431
20073304,Cappuccino Vegetal 3 Corações 140g,3 Corações,Café,Disponivel,27.9,27.9,https://marche.com.br/collections/mercearia/products/cappuccino-vegetal-3-coracoes-140g?store_id=66677604431
20077881,Cápsulas de Café União Decaffeinato 10 Unidades,St. Marche,Café,Disponivel,28.49,28.49,https://marche.com.br/collections/mercearia/products/capsulas-de-cafe-uniao-decaffeinato-10-unidades?store_id=66677604431
20073897,"Cappuccino Lor Caramelo Sachê 20,3g",Lor,Café,Disponivel,2.99,2.99,https://marche.com.br/collections/mercearia/products/cappuccino-lor-caramelo-8-unidades-162-4g?store_id=66677604431
20030774,Café Bravo Tenor Em Grãos 1kg,St. Marche,Café,Disponivel,95.8,95.8,https://marche.com.br/collections/mercearia/products/cafe-bravo-tenor-grao-1kg?store_id=66677604431
20058794,Cápsula de Café 3 CORAÇÕES Nespresso Cerrado Mineiro 50g,3 Corações,Café,Disponivel,24.99,24.99,https://marche.com.br/collections/mercearia/products/capsula-de-cafe-3-coracoes-nespresso-cerrado-mineiro-50g?store_id=66677604431
20073956,Café Illy em Pó Moído Intenso Moka 125g,Illy,Café,Disponivel,24.98,24.98,https://marche.com.br/collections/mercearia/products/cafe-illy-em-po-moido-intenso-moka-125g?store_id=66677604431
20025170,"Cápsula de Café Filtrado Tradicional, TRES, 3 CORAÇÕES 10 Unidades",3 Corações,Café,Disponivel,17.93,17.93,https://marche.com.br/collections/mercearia/products/capsula-de-cafe-filtrado-tradicional-tres-3-coracoes-10-unidades?store_id=66677604431
20081843,Café Latitude 13 Chapada Diamantina Torrado e Moído 250g,St. Marche,Café,Disponivel,40.99,40.99,https://marche.com.br/collections/mercearia/products/cafe-latitude-13-chapada-diamantina-torrado-e-moido-250g?store_id=66677604431
20064637,Cápsula Dolce Gusto Cappuccino Doce de Leite Com 10 Unidades 170g,Dolce Gusto,Café,Disponivel,31.99,31.99,https://marche.com.br/collections/mercearia/products/capsula-dolce-gusto-cappuccino-doce-de-leite-com-10-unidades-170g?store_id=66677604431
20075976,Cápsulas de Café 3 Corações Máximo Especiais Com 10 Unidades,3 Corações,Café,Disponivel,24.99,24.99,https://marche.com.br/collections/mercearia/products/capsulas-de-cafe-3-coracoes-maximo-especiais-com-10-unidades?store_id=66677604431
20041379,Café Espresso Nespresso Pike Place STARBUCKS 53g,Starbucks,Café,Disponivel,32.99,32.99,https://marche.com.br/collections/mercearia/products/cafe-espresso-nespresso-pike-place-starbucks-53g?store_id=66677604431
20052198,Café em Cápsula Torrado e Moído Forte Espresso Illy Caixa 57g 10 Unidades,Illy,Café,Disponivel,29.9,29.9,https://marche.com.br/collections/mercearia/products/cafe-em-capsula-torrado-e-moido-forte-espresso-illy-caixa-57g-10-unidades?store_id=66677604431
20007784,Cápsula de Café Clássico BAGGIO Com 10 Cápsulas,Baggio,Café,Disponivel,29.49,29.49,https://marche.com.br/collections/mercearia/products/capsula-de-cafe-classico-baggio-com-10-capsulas?store_id=66677604431
20069976,Café Solúvel em Pó Espresso Suave Nescafé Gold Sachê 40g,Nescafé,Café,Disponivel,14.49,14.49,https://marche.com.br/collections/mercearia/products/cafe-soluvel-em-po-espresso-suave-nescafe-gold-sache-40g?store_id=66677604431
20081998,Café Bravo Premium Grãos 500g,St. Marche,Café,Disponivel,45.5,45.5,https://marche.com.br/collections/mercearia/products/cafe-bravo-premium-graos-500g?store_id=66677604431
20030938,Cápsulas de Café Com Leite Cappuccino 3 CORAÇÕES Com 10 Cápsulas,3 Corações,Café,Disponivel,26.9,26.9,https://marche.com.br/collections/mercearia/products/capsulas-de-cafe-com-leite-cappuccino-3-coracoes-com-10-capsulas?store_id=66677604431
20083638,Café Cafellow Sachê Determinado 10 Unidades,St. Marche,Café,Disponivel,49.9,49.9,https://marche.com.br/collections/mercearia/products/cafe-cafellow-sache-determinado-10un?store_id=66677604431
20031050,Cápsula de Café Espresso Atento 3 CORAÇÕES 10 Cápsulas,3 Corações,Café,Disponivel,26.9,26.9,https://marche.com.br/collections/mercearia/products/capsula-de-cafe-espresso-atento-3-coracoes-10-capsulas?store_id=66677604431
20064641,Cápsula Dolce Gusto Lungo Com 10 Unidades 70g,Dolce Gusto,Café,Disponivel,25.99,25.99,https://marche.com.br/collections/mercearia/products/capsula-dolce-gusto-lungo-com-10-unidades-70g?store_id=66677604431
20063561,Cápssulas 3 Corações Portinari Coado Com 8 Unidades,3 Corações,Café,Disponivel,26.9,26.9,https://marche.com.br/collections/mercearia/products/capssulas-3-coracoes-portinari-coado-com-8-unidades?store_id=66677604431
20030773,Café Solúvel NESCAFÉ Original Extraforte 100g,Nescafé,Café,Disponivel,33.99,33.99,https://marche.com.br/collections/mercearia/products/cafe-soluvel-nescafe-original-extraforte-100g?store_id=66677604431
20076309,Café Villa Piva Torrado e Moído Especial 25g,Villa Piva,Café,Disponivel,38.69,38.69,https://marche.com.br/collections/mercearia/products/cafe-villa-piva-torrado-e-moido-especial-25g?store_id=66677604431
20025174,"Cápsula de Café Espresso Decaf, TRES, 3 CORAÇÕES 10 unidades",3 Corações,Café,Disponivel,17.93,17.93,https://marche.com.br/collections/mercearia/products/capsula-de-cafe-espresso-decaf-tres-3-coracoes-10-unidades?store_id=66677604431
20031288,Cápsulas Café L'OR Onyx 10 Unidades,Lor,Café,Disponivel,30.99,30.99,https://marche.com.br/collections/mercearia/products/capsulas-cafe-lor-onyx-10-unidades?store_id=66677604431
20025172,Café 3 CORAÇÕES Cápsulas Espresso Supremo Com 10 Cápsulas,3 Corações,Café,Disponivel,26.9,26.9,https://marche.com.br/collections/mercearia/products/cafe-3-coracoes-capsulas-espresso-supremo-com-10-capsulas?store_id=66677604431
20078058,Cápsulas de Café Pilão Arábica Clássico Com 10 Unidades,St. Marche,Café,Disponivel,24.99,24.99,https://marche.com.br/collections/mercearia/products/capsulas-de-cafe-pilao-arabica-classico-com-10-unidades?store_id=66677604431
20063560,Cápsulas 3 Corações Café Portinari Com 8 Unidades,3 Corações,Café,Disponivel,26.9,26.9,https://marche.com.br/collections/mercearia/products/capsulas-3-coracoes-cafe-portinari-com-8-unidades?store_id=66677604431
20054993,Café em Cápsula L'or Torrado e Moído Espresso Último 52g 10 Unidades,Lor,Café,Disponivel,30.99,30.99,https://marche.com.br/collections/mercearia/products/capsulas-lor-ultimo-intensity-com-10-capsulas?store_id=66677604431
20078209,Cápsulas de Café Orfeu Nespresso Forte 10 Unidades,St. Marche,Café,Disponivel,29.99,29.99,https://marche.com.br/collections/mercearia/products/capsulas-de-cafe-orfeu-nespresso-forte-10-unidades?store_id=66677604431
20026068,Cappuccino Pote Classic 3 CORAÇÕES 200g,3 Corações,Café,Disponivel,23.98,23.98,https://marche.com.br/collections/mercearia/products/cappuccino-pote-classic-3-coracoes-200g?store_id=66677604431
20029596,Café Premium Vácuo 3 CORAÇÕES 500g,3 Corações,Café,Disponivel,45.49,45.49,https://marche.com.br/collections/mercearia/products/cafe-premium-vacuo-3-coracoes-500g?store_id=66677604431
20068533,Café Solúvel Lor Liofilizado Classique 84g,Lor,Café,Disponivel,37.99,37.99,https://marche.com.br/collections/mercearia/products/cafe-soluvel-lor-liofilizado-classique-84g?store_id=66677604431
20061980,Café Torrado e Moído 3 CORAÇÕES Estrada Real Premium Pacote 500g,3 Corações,Café,Disponivel,45.49,45.49,https://marche.com.br/collections/mercearia/products/cafe-torrado-e-moido-3-coracoes-estrada-real-premium-pacote-500g?store_id=66677604431
20078163,Cápsulas Nescafé Kopenhagen Língua de Gato Com 10 Unidades,St. Marche,Café,Disponivel,31.99,31.99,https://marche.com.br/collections/mercearia/products/capsulas-nescafe-kopenhagen-lingua-de-gato-com-10-unidades?store_id=66677604431
20047779,Cápsula de Café BAGGIO Chocolate Com Avelã Com 10 Cápsulas 50g,Baggio,Café,Disponivel,29.49,29.49,https://marche.com.br/collections/mercearia/products/capsula-de-cafe-baggio-chocolate-com-avela-com-10-capsulas-50g?store_id=66677604431
20082793,Café Nescafé Gold Solúvel 5 Liofilizado 40g,St. Marche,Café,Disponivel,11.9,11.9,https://marche.com.br/collections/mercearia/products/cafe-nescafe-gold-inst-5-liofilizado-40g?store_id=66677604431
20061981,Café Torrado e Moído 3 CORAÇÕES Dark Roast Gourmet Pacote 250g,3 Corações,Café,Disponivel,35.99,35.99,https://marche.com.br/collections/mercearia/products/cafe-torrado-e-moido-3-coracoes-dark-roast-gourmet-pacote-250g?store_id=66677604431
20041429,Café Solúvel NESCAFÉ Matinal Suave 160g,Nescafé,Café,Disponivel,43.9,43.9,https://marche.com.br/collections/mercearia/products/cafe-soluvel-nescafe-matinal-suave-160g?store_id=66677604431
20080999,Café Bravo Premium Torrado e Moído Clara 500g,St. Marche,Café,Disponivel,31.9,31.9,https://marche.com.br/collections/mercearia/products/cafe-bravo-premium-torrado-e-moido-clara-500g?store_id=66677604431
20081000,Café Bravo Premium Torrado e Moído 250g,St. Marche,Café,Disponivel,26.9,26.9,https://marche.com.br/collections/mercearia/products/cafe-bravo-premium-torrado-e-moido-250g?store_id=66677604431
20023026,Cápsulas de Café ORFEU Clássico com 10 Unidades 50g,Orfeu,Café,Disponivel,32.99,32.99,https://marche.com.br/collections/mercearia/products/capsulas-de-cafe-orfeu-classico-com-10-unidades-50g?store_id=66677604431
20023082,Cápsulas de Café ORFEU Intenso com 10 Unidades 50g,Orfeu,Café,Disponivel,32.99,32.99,https://marche.com.br/collections/mercearia/products/capsulas-de-cafe-orfeu-intenso-com-10-unidades-50g?store_id=66677604431
20078162,Cápsulas de Café Nescafé Gold Expresso Com 10 Unidades,St. Marche,Café,Disponivel,31.99,31.99,https://marche.com.br/collections/mercearia/products/capsulas-de-cafe-nescafe-gold-expresso-com-10-unidades?store_id=66677604431
20030343,Café Pilão Torrado E Moído Tradicional Abre&Fecha 500g,Pilão,Café,Disponivel,36.99,36.99,https://marche.com.br/collections/mercearia/products/cafe-pilao-torrado-e-moido-tradicional-abre-fecha-500g?store_id=66677604431
20041376,Café em Cápsula Torrado e Moído STARBUCKS Blonde Espresso Roast Caixa 53g 10 Unidades,Starbucks,Café,Disponivel,32.99,32.99,https://marche.com.br/collections/mercearia/products/cafe-em-capsula-torrado-e-moido-starbucks-blonde-espresso-roast-caixa-53g-10-unidades?store_id=66677604431
20056764,Café Solúvel L'OR Espresso 40g,Lor,Café,Disponivel,13.99,13.99,https://marche.com.br/collections/mercearia/products/cafe-soluvel-lor-espresso-40g?store_id=66677604431
20026266,Café a Vácuo Torrado e Moído Extra Forte PILÃO 500g,Pilão,Café,Disponivel,36.99,36.99,https://marche.com.br/collections/mercearia/products/cafe-a-vacuo-torrado-e-moido-extra-forte-pilao-500g?store_id=66677604431
20041481,Cappuccino Zero Lactose Balance 3 CORAÇÕES 180g,3 Corações,Café,Disponivel,30.99,30.99,https://marche.com.br/collections/mercearia/products/cappuccino-zero-lactose-balance-3-coracoes-180g?store_id=66677604431
20050565,Cápsula HAVANA Cappuccino 3 Corações Com 10 Cápsulas,Havanna,Café,Disponivel,26.9,26.9,https://marche.com.br/collections/mercearia/products/capsula-havana-cappuccino-3-coracoes-com-10-capsulas?store_id=66677604431
20078059,Cápsulas de Café Pilão Arábica Intenso Com 10 Unidades,St. Marche,Café,Disponivel,24.99,24.99,https://marche.com.br/collections/mercearia/products/capsulas-de-cafe-pilao-arabica-intenso-com-10-unidades?store_id=66677604431
20052197,Café em Cápsula Torrado e Moído Intenso Espresso Illy Caixa 57g 10 Unidades,Illy,Café,Disponivel,29.9,29.9,https://marche.com.br/collections/mercearia/products/cafe-em-capsula-torrado-e-moido-intenso-espresso-illy-caixa-57g-10-unidades?store_id=66677604431
20031448,Café em Cápsulas Pilão Torrado e moído Extraforte 104g 20 Unidades,Pilão,Café,Disponivel,52.49,52.49,https://marche.com.br/collections/mercearia/products/cafe-espresso-pilao-capsulas-de-aluminio-12-com-20-unidades?store_id=66677604431
20064368,Cápsulas de Café Nescafé Brasil Original Com 10 Unidades 52g,Nescafé,Café,Disponivel,26.99,26.99,https://marche.com.br/collections/mercearia/products/capsulas-de-cafe-nescafe-brasil-original-com-10-unidades-52g?store_id=66677604431
20025998,Café Tradicional 3 CORAÇÕES 500g,3 Corações,Café,Disponivel,36.99,36.99,https://marche.com.br/collections/mercearia/products/cafe-tradicional-3-coracoes-500g?store_id=66677604431
20059127,Café BAGGIO Torrado e Moído Chocolate com Avelã 250g,Baggio,Café,Disponivel,42.49,42.49,https://marche.com.br/collections/mercearia/products/cafe-baggio-torrado-e-moido-chocolate-com-avela-250g?store_id=66677604431
20075802,Cafe 3 Corações Torrado e Moído Rituais Frutas Secas 250g,3 Corações,Café,Disponivel,40.99,40.99,https://marche.com.br/collections/mercearia/products/cafe-3-coracoes-torrado-e-moido-rituais-frutas-secas-250g?store_id=66677604431
20062440,Cápsula de Café LOR Epresso de Caramelo Com 10 Unidades,Lor,Café,Disponivel,30.99,30.99,https://marche.com.br/collections/mercearia/products/capsula-de-cafe-lor-epresso-de-caramelo-com-10-unidades?store_id=66677604431
20029649,Café Torrado e Moído BRAVO Pacote 500g,Bravo Café,Café,Disponivel,41.9,41.9,https://marche.com.br/collections/mercearia/products/cafe-torrado-e-moido-bravo-pacote-500g?store_id=66677604431
20064646,Cápsula Dolce Gusto Café Caseiro Com 10 Unidades 90g,Dolce Gusto,Café,Disponivel,25.99,25.99,https://marche.com.br/collections/mercearia/products/capsula-dolce-gusto-cafe-caseiro-com-10-unidades-90g?store_id=66677604431
20075812,Café 3 Corações em Cápsulas Rituais Exótico 8 Unidades,3 Corações,Café,Disponivel,26.9,26.9,https://marche.com.br/collections/mercearia/products/cafe-3-coracoes-em-capsulas-rituais-exotico-8-unidades?store_id=66677604431
20041328,Café Torrado e Moído House Blend Torra Média STARBUCKS 250g,Starbucks,Café,Disponivel,48.99,48.99,https://marche.com.br/collections/mercearia/products/cafe-torrado-e-moido-house-blend-torra-media-starbucks-250g?store_id=66677604431
20078164,Cápsulas Nescafé Kopenhagen Lajotinha Com 10 Unidades,St. Marche,Café,Disponivel,31.99,31.99,https://marche.com.br/collections/mercearia/products/capsulas-nescafe-kopenhagen-lajotinha-com-10-unidades?store_id=66677604431
20026179,Café Torrado e Moído Tradicional MELITTA Caixa 500g,Melitta,Café,Disponivel,41.5,41.5,https://marche.com.br/collections/mercearia/products/cafe-torrado-e-moido-tradicional-melitta-caixa-500g?store_id=66677604431
20063955,Café Baobá Especial Premium Grãos 250g,Baobá,Café,Disponivel,50.39,50.39,https://marche.com.br/collections/mercearia/products/cafe-baoba-especial-premium-graos-250g?store_id=66677604431
20071625,Cápsula de Café Starbucks Capuccino com 10 Unidades 100g,Starbucks,Café,Disponivel,32.98,32.98,https://marche.com.br/collections/mercearia/products/capsula-de-cafe-starbucks-capuccino-com-10-unidades-100g?store_id=66677604431
20030936,Cápsula de Chocolatto 3 CORAÇÕES 10 Cápsulas,3 Corações,Café,Disponivel,26.9,26.9,https://marche.com.br/collections/mercearia/products/capsula-de-chocolatto-3-coracoes-10-capsulas?store_id=66677604431
20041329,Café Torrado e Moído Pike Place Torra Média STARBUCKS 250g,Starbucks,Café,Disponivel,48.99,48.99,https://marche.com.br/collections/mercearia/products/cafe-torrado-e-moido-pike-place-torra-media-starbucks-250g?store_id=66677604431
20048915,Café Gourment Torrado e Moído Cerrado Mineiro 3 CORAÇÕES 250g,3 Corações,Café,Disponivel,35.99,35.99,https://marche.com.br/collections/mercearia/products/cafe-gourment-torrado-e-moido-cerrado-mineiro-3-coracoes-250g?store_id=66677604431
20071618,Cápsulas Dolce Gusto Pingado com 10 Unidades 140g,Dolce Gusto,Café,Disponivel,25.99,25.99,https://marche.com.br/collections/mercearia/products/capsulas-dolce-gusto-pingado-com-10-unidades-140g?store_id=66677604431
20026079,Café a Vácuo Torrado e Moído Tradicional PILÃO 500g,Pilão,Café,Disponivel,36.99,36.99,https://marche.com.br/collections/mercearia/products/cafe-a-vacuo-torrado-e-moido-tradicional-pilao-500g?store_id=66677604431
20041378,Café Espresso Nespresso Colombia STARBUCKS 57g,Starbucks,Café,Disponivel,32.99,32.99,https://marche.com.br/collections/mercearia/products/cafe-espresso-nespresso-colombia-starbucks-57g?store_id=66677604431
20057566,Cápsula de Café TRÊS CORAÇÕES Baileys Supremo Macchiato 11g,3 Corações,Café,Disponivel,26.9,26.9,https://marche.com.br/collections/mercearia/products/capsula-de-cafe-tres-coracoes-baileys-supremo-macchiato-11g?store_id=66677604431
20064365,Cápsulas de Café Nescafé Índia Original Com 10 Unidades 53g,Nescafé,Café,Disponivel,26.99,26.99,https://marche.com.br/collections/mercearia/products/capsulas-de-cafe-nescafe-india-original-com-10-unidades-53g?store_id=66677604431
20063956,Café Baobá Especial Premium Moído 250g,Baobá,Café,Disponivel,50.29,50.29,https://marche.com.br/collections/mercearia/products/cafe-baoba-especial-premium-moido-250g?store_id=66677604431
20014347,Cápsulas Café L'OR Colômbia 10 Unidades,Lor,Café,Disponivel,30.99,30.99,https://marche.com.br/collections/mercearia/products/capsulas-cafe-lor-colombia-10-unidades?store_id=66677604431
20060013,Café LOR Delicado Torrado Moído 250g,Lor,Café,Disponivel,30.49,30.49,https://marche.com.br/collections/mercearia/products/cafe-lor-delicado-torrado-moido-250g?store_id=66677604431
20048916,Café Gourment Torrado e Moído Sul de Minas 3 CORAÇÕES 250g,3 Corações,Café,Disponivel,35.99,35.99,https://marche.com.br/collections/mercearia/products/cafe-gourment-torrado-e-moido-sul-de-minas-3-coracoes-250g?store_id=66677604431
20073307,Capsulas de Alumínio Café Descafeínado 5g,3 Corações,Café,Disponivel,24.99,24.99,https://marche.com.br/collections/mercearia/products/capsulas-de-aluminio-cafe-descafeinado-5g?store_id=66677604431
20007890,Cápsulas Café L'OR Ristretto 20 Unidades,Lor,Café,Disponivel,52.49,52.49,https://marche.com.br/collections/mercearia/products/capsulas-cafe-lor-ristretto-20-unidades?store_id=66677604431
20031446,Café em Cápsula Pilão Torrado e Moído Espresso Extraforte 52g 10 Unidades,Pilão,Café,Disponivel,24.99,24.99,https://marche.com.br/collections/mercearia/products/capsulas-de-aluminio-espresso-12-pilao-52g?store_id=66677604431
20053271,Café Torrado e Moído STARBUCKS Colômbia 250g,Starbucks,Café,Disponivel,48.99,48.99,https://marche.com.br/collections/mercearia/products/cafe-torrado-e-moido-starbucks-colombia-250g?store_id=66677604431
20008859,Cápsula de Café Chocolate Trufado BAGGIO Com 10 Cápsulas,Baggio,Café,Disponivel,29.49,29.49,https://marche.com.br/collections/mercearia/products/capsula-de-cafe-chocolate-trufado-baggio-com-10-capsulas?store_id=66677604431
20008165,Cappuccino 3 CORAÇÕES Light Solúvel Sachê Com 10 Unidades,3 Corações,Café,Disponivel,22.9,22.9,https://marche.com.br/collections/mercearia/products/cappuccino-3-coracoes-light-soluvel-sache-com-10-unidades?store_id=66677604431
20058225,Kit Cáspsula de Café STARBUCK 4 Unidades Com Uma Caneca Grátis,Starbucks,Café,Disponivel,119.9,119.9,https://marche.com.br/collections/mercearia/products/kit-caspsula-de-cafe-starbuck-4-unidades-com-uma-caneca-gratis?store_id=66677604431
20064651,"Cápsula Dolce Gusto Latte Mach Com 10 Unidades 112,5g",Dolce Gusto,Café,Disponivel,25.99,25.99,https://marche.com.br/collections/mercearia/products/capsula-dolce-gusto-latte-mach-com-10-unidades-112-5g?store_id=66677604431
20030915,Café Espresso Grãos CAFÉ DO PONTO 1kg,Café do Ponto,Café,Disponivel,165.29,165.29,https://marche.com.br/collections/mercearia/products/cafe-espresso-graos-cafe-do-ponto-1kg?store_id=66677604431
20064643,Cápsula Dolce Gusto Nescau Com 10 Unidades 170g,Dolce Gusto,Café,Disponivel,31.99,31.99,https://marche.com.br/collections/mercearia/products/capsula-dolce-gusto-nescau-com-10-unidades-170g?store_id=66677604431
20068059,Café Solúvel Nescafé Tradição 40g,Nescafé,Café,Disponivel,10.09,10.09,https://marche.com.br/collections/mercearia/products/cafe-soluvel-nescafe-tradicao-40g?store_id=66677604431
20045354,Café Com Leite 3 CORAÇÕES Solúvel em Pó Com Cálcio Lata 300g,3 Corações,Café,Disponivel,26.49,26.49,https://marche.com.br/collections/mercearia/products/cafe-com-leite-3-coracoes-soluvel-em-po-com-calcio-lata-300g?store_id=66677604431
20064638,Cápsula Dolce Gusto Cappuccino Com 10 Unidades 117g,Dolce Gusto,Café,Disponivel,25.99,25.99,https://marche.com.br/collections/mercearia/products/capsula-dolce-gusto-cappuccino-com-10-unidades-117g?store_id=66677604431
20078167,Cápsulas de Café Nescafé Africas Com 10 Unidades,St. Marche,Café,Disponivel,26.49,26.49,https://marche.com.br/collections/mercearia/products/capsulas-de-cafe-nescafe-africas-com-10-unidades?store_id=66677604431
20044256,Café 3 CORAÇÕES Solúvel Liofilizado 100% Arábica Vidro 100g,3 Corações,Café,Disponivel,35.99,35.99,https://marche.com.br/collections/mercearia/products/cafe-3-coracoes-soluvel-liofilizado-100-arabica-vidro-100g?store_id=66677604431
20048094,Cápsulas de Café Intenso FAZENDA PESSEGUEIRO Com 10 Cápsulas,Café Fazenda Pessegueiro,Café,Disponivel,37.19,37.19,https://marche.com.br/collections/mercearia/products/capsulas-de-cafe-intenso-fazenda-pessegueiro-com-10-capsulas?store_id=66677604431
20026000,Café Pilão Torrado E Moído Tradicional Almofada 500g,Pilão,Café,Disponivel,36.99,36.99,https://marche.com.br/collections/mercearia/products/cafe-pilao-torrado-e-moido-tradicional-almofada-500g?store_id=66677604431
20064640,Cápsula Dolce Gusto Espresso Intenso Com 10 Unidades 80g,Dolce Gusto,Café,Disponivel,25.99,25.99,https://marche.com.br/collections/mercearia/products/capsula-dolce-gusto-espresso-intenso-com-10-unidades-80g?store_id=66677604431
20002027,Café a Vácuo Torrado e Moído Extra Forte CAFÉ DO PONTO 500g,Café Do Ponto,Café,Disponivel,47.99,47.99,https://marche.com.br/collections/mercearia/products/cafe-a-vacuo-torrado-e-moido-extra-forte-cafe-do-ponto-500g?store_id=66677604431
20031046,Café Descafeinado em Pó Torrado e Moído Vácuo 3 CORAÇÕES 250G,3 Corações,Café,Disponivel,33.49,33.49,https://marche.com.br/collections/mercearia/products/cafe-descafeinado-em-po-torrado-e-moido-vacuo-3-coracoes-250g?store_id=66677604431
20009237,Café a Vácuo Torrado e Moído tipo Exportação CAFÉ DO PONTO 500g,Café Do Ponto,Café,Disponivel,47.99,47.99,https://marche.com.br/collections/mercearia/products/cafe-a-vacuo-torrado-e-moido-tipo-exportacao-cafe-do-ponto-500g?store_id=66677604431
20029609,Café Torrado e Moído Fazenda PESSEGUEIRO 250g,Café Fazenda Pessegueiro,Café,Disponivel,32.99,32.99,https://marche.com.br/collections/mercearia/products/cafe-torrado-e-moido-fazenda-pessegueiro-250g?store_id=66677604431
20026142,Café Torrado e Moído Tradicional Vácuo 3 CORAÇÕES 500g,3 Corações,Café,Disponivel,41.5,41.5,https://marche.com.br/collections/mercearia/products/cafe-torrado-e-moido-tradicional-vacuo-3-coracoes-500g?store_id=66677604431
20048914,Café Gourment Torrado e Moído Mogiana Paulista 3 CORAÇÕES 250g,3 Corações,Café,Disponivel,35.99,35.99,https://marche.com.br/collections/mercearia/products/cafe-gourment-torrado-e-moido-mogiana-paulista-3-coracoes-250g?store_id=66677604431
20045351,Café Solúvel Tradicional 3 CORAÇÕES 100g,3 Corações,Café,Disponivel,29.99,29.99,https://marche.com.br/collections/mercearia/products/cafe-soluvel-tradicional-3-coracoes-100g?store_id=66677604431
20067869,Cápsulas Café Pilão Expresso 52g com 10 Unidades,Pilão,Café,Disponivel,24.99,24.99,https://marche.com.br/collections/mercearia/products/capsulas-cafe-pilao-expresso-52g-com-10-unidades?store_id=66677604431
20045282,Café BAGGIO Aromas Caramelo Torrado e Moído 250g,Baggio,Café,Disponivel,42.49,42.49,https://marche.com.br/collections/mercearia/products/cafe-baggio-aromas-caramelo-torrado-e-moido-250g?store_id=66677604431
20064644,Cápsula Dolce Gusto Orgânico Com 10 Unidades 80g,Dolce Gusto,Café,Disponivel,31.99,31.99,https://marche.com.br/collections/mercearia/products/capsula-dolce-gusto-organico-com-10-unidades-80g?store_id=66677604431
20029822,Café Torrado e Moído Descafeinado PILÃO 250g,Pilão,Café,Disponivel,34.49,34.49,https://marche.com.br/collections/mercearia/products/cafe-torrado-e-moido-descafeinado-pilao-250g?store_id=66677604431
20050138,Cápsula de Café BAGGIO Vanilla Com 10 Cápsulas 50g,Baggio,Café,Disponivel,29.49,29.49,https://marche.com.br/collections/mercearia/products/capsula-de-cafe-baggio-vanilla-com-10-capsulas-50g?store_id=66677604431
20030822,Cappuccino Pote Diet 3 CORAÇÕES 150g,3 Corações,Café,Disponivel,27.29,27.29,https://marche.com.br/collections/mercearia/products/cappuccino-pote-diet-3-coracoes-150g?store_id=66677604431
20045283,Café BAGGIO Aromas Chocolate Trufado Torrado e Moído 250g,Baggio,Café,Disponivel,42.49,42.49,https://marche.com.br/collections/mercearia/products/cafe-baggio-aromas-chocolate-trufado-torrado-e-moido-250g?store_id=66677604431
20031292,Cápsulas Café L'OR Sontuoso 10 Unidades,Lor,Café,Disponivel,30.99,30.99,https://marche.com.br/collections/mercearia/products/capsulas-cafe-lor-sontuoso-10-unidades?store_id=66677604431
20052196,Café em Cápsula Torrado e Moído Clássico Espresso Illy Caixa 57g 10 Unidades,Illy,Café,Disponivel,29.9,29.9,https://marche.com.br/collections/mercearia/products/cafe-em-capsula-torrado-e-moido-classico-espresso-illy-caixa-57g-10-unidades?store_id=66677604431
20075977,Cápsulas de Café 3 Corações Especiais Peru Com 10 Unidades,3 Corações,Café,Disponivel,24.99,24.99,https://marche.com.br/collections/mercearia/products/capsulas-de-cafe-3-coracoes-especiais-peru-com-10-unidades?store_id=66677604431
20026089,Café Torrado e Moído Extraforte MELITTA Caixa 500g,Melitta,Café,Disponivel,41.5,41.5,https://marche.com.br/collections/mercearia/products/cafe-torrado-e-moido-extraforte-melitta-caixa-500g?store_id=66677604431
20025999,Café Extra Forte 3 CORAÇÕES 500g,3 Corações,Café,Disponivel,36.99,36.99,https://marche.com.br/collections/mercearia/products/cafe-extra-forte-3-coracoes-500g?store_id=66677604431
20007800,Cápsula de Café Aroma Caramelo BAGGIO Com 10 Cápsulas,Baggio,Café,Disponivel,29.49,29.49,https://marche.com.br/collections/mercearia/products/capsula-de-cafe-aroma-caramelo-baggio-com-10-capsulas?store_id=66677604431
20031286,Cápsulas Café L'OR Forza 10 Unidades,Lor,Café,Disponivel,30.99,30.99,https://marche.com.br/collections/mercearia/products/capsulas-cafe-lor-forza-10-unidades?store_id=66677604431
20078087,Cápsulas de Café Nescafé South Asia com 12 Unidades,St. Marche,Café,Disponivel,26.49,26.49,https://marche.com.br/collections/mercearia/products/capsulas-de-cafe-nescafe-south-asia-com-12-unidades?store_id=66677604431
20058797,Cápsula de Café 3 CORAÇÕES Nespresso Intenso 50g,3 Corações,Café,Disponivel,24.99,24.99,https://marche.com.br/collections/mercearia/products/capsula-de-cafe-3-coracoes-nespresso-intenso-50g?store_id=66677604431
20074007,Cápsulas de Café Nescafé México 44g,Nescafé,Café,Disponivel,26.98,26.98,https://marche.com.br/collections/mercearia/products/capsulas-de-cafe-nescafe-mexico-44g?store_id=66677604431
20068060,Café Solúvel Nescafé Matinal Suave 40g,Nescafé,Café,Disponivel,9.69,9.69,https://marche.com.br/collections/mercearia/products/cafe-soluvel-nescafe-matinal-suave-40g?store_id=66677604431
